datetime;city;temp_celsius
1986-01-01T00:00;New York;-0.5
1986-01-01T00:00;Los Angeles;16.8
1986-01-01T00:00;Chicago;-3.4
1986-01-01T00:00;Houston;15.5
1986-01-01T00:00;Phoenix;16.5
1986-01-01T00:00;Toronto;-10.9
1986-01-01T00:00;Mexico City;17.5
1986-01-01T00:00;Vancouver;5.4
1986-01-01T00:00;Montreal;-10.1
1986-01-01T00:00;Miami;20.0
1986-01-01T00:00;Denver;3.0
1986-01-01T00:00;San Francisco;15.8
1986-01-01T00:00;Atlanta;10.0
1986-01-01T00:00;Dallas;10.1
1986-01-01T00:00;Minneapolis;-10.2
1986-01-01T00:00;Havana;20.7
1986-01-01T00:00;Guatemala City;21.0
1986-01-01T00:00;Anchorage;-3.7
1986-01-01T00:00;São Paulo;23.9
1986-01-01T00:00;Buenos Aires;24.4
1986-01-01T00:00;Lima;23.9
1986-01-01T00:00;Bogotá;11.5
1986-01-01T00:00;Santiago;21.5
1986-01-01T00:00;Rio de Janeiro;28.1
1986-01-01T00:00;Quito;15.4
1986-01-01T00:00;Caracas;20.3
1986-01-01T00:00;Montevideo;23.8
1986-01-01T00:00;La Paz;12.9
1986-01-01T00:00;London;3.5
1986-01-01T00:00;Paris;-3.3
1986-01-01T00:00;Berlin;-2.9
1986-01-01T00:00;Madrid;-5.6
1986-01-01T00:00;Rome;-4.9
1986-01-01T00:00;Amsterdam;-1.2
1986-01-01T00:00;Vienna;-7.6
1986-01-01T00:00;Stockholm;-4.6
1986-01-01T00:00;Oslo;-7.4
1986-01-01T00:00;Helsinki;-14.5
1986-01-01T00:00;Warsaw;-4.2
1986-01-01T00:00;Prague;-8.4
1986-01-01T00:00;Lisbon;7.8
1986-01-01T00:00;Athens;3.5
1986-01-01T00:00;Dublin;2.5
1986-01-01T00:00;Zurich;-2.5
1986-01-01T00:00;Brussels;1.5
1986-01-01T00:00;Copenhagen;-3.2
1986-01-01T00:00;Bucharest;-4.9
1986-01-01T00:00;Budapest;-3.8
1986-01-01T00:00;Ljubljana;-6.6
1986-01-01T00:00;Zagreb;-6.2
1986-01-01T00:00;Belgrade;-6.0
1986-01-01T00:00;Reykjavik;-0.6
1986-01-01T00:00;Moscow;-14.9
1986-01-01T00:00;Kyiv;-1.8
1986-01-01T00:00;Istanbul;-0.5
1986-01-01T00:00;Cairo;4.8
1986-01-01T00:00;Lagos;24.0
1986-01-01T00:00;Nairobi;13.2
1986-01-01T00:00;Johannesburg;17.5
1986-01-01T00:00;Cape Town;20.4
1986-01-01T00:00;Casablanca;12.7
1986-01-01T00:00;Addis Ababa;7.8
1986-01-01T00:00;Dakar;17.0
1986-01-01T00:00;Tunis;4.4
1986-01-01T00:00;Accra;25.0
1986-01-01T00:00;Dar es Salaam;22.6
1986-01-01T00:00;Tokyo;5.2
1986-01-01T00:00;Beijing;-3.4
1986-01-01T00:00;Shanghai;2.6
1986-01-01T00:00;Mumbai;22.9
1986-01-01T00:00;Delhi;11.4
1986-01-01T00:00;Bangkok;29.0
1986-01-01T00:00;Singapore;27.1
1986-01-01T00:00;Seoul;-4.5
1986-01-01T00:00;Taipei;13.8
1986-01-01T00:00;Hong Kong;14.2
1986-01-01T00:00;Jakarta;28.7
1986-01-01T00:00;Manila;24.3
1986-01-01T00:00;Hanoi;15.0
1986-01-01T00:00;Karachi;17.6
1986-01-01T00:00;Dhaka;14.7
1986-01-01T00:00;Riyadh;6.5
1986-01-01T00:00;Dubai;8.3
1986-01-01T00:00;Tehran;-6.7
1986-01-01T00:00;Colombo;23.1
1986-01-01T00:00;Ulaanbaatar;-21.2
1986-01-01T00:00;Almaty;-5.1
1986-01-01T00:00;Sydney;25.0
1986-01-01T00:00;Melbourne;23.0
1986-01-01T00:00;Auckland;23.0
1986-01-01T00:00;Perth;26.6
1986-01-01T00:00;Brisbane;29.5
1986-01-01T00:00;Wellington;19.8
1986-01-01T00:00;Honolulu;23.9
1986-01-01T00:00;Novosibirsk;-15.8
1986-01-01T00:00;Yakutsk;-35.5
1986-01-01T00:00;Murmansk;-10.8
1986-01-01T00:00;Tashkent;-6.2
1986-01-01T00:00;Kathmandu;11.6
1986-01-01T01:00;New York;-0.8
1986-01-01T01:00;Los Angeles;15.8
1986-01-01T01:00;Chicago;-3.8
1986-01-01T01:00;Houston;14.5
1986-01-01T01:00;Phoenix;15.7
1986-01-01T01:00;Toronto;-12.1
1986-01-01T01:00;Mexico City;15.6
1986-01-01T01:00;Vancouver;4.7
1986-01-01T01:00;Montreal;-11.6
1986-01-01T01:00;Miami;19.9
1986-01-01T01:00;Denver;0.9
1986-01-01T01:00;San Francisco;15.8
1986-01-01T01:00;Atlanta;8.9
1986-01-01T01:00;Dallas;9.6
1986-01-01T01:00;Minneapolis;-11.7
1986-01-01T01:00;Havana;19.5
1986-01-01T01:00;Guatemala City;21.1
1986-01-01T01:00;Anchorage;-4.1
1986-01-01T01:00;São Paulo;22.0
1986-01-01T01:00;Buenos Aires;23.3
1986-01-01T01:00;Lima;23.5
1986-01-01T01:00;Bogotá;10.4
1986-01-01T01:00;Santiago;20.7
1986-01-01T01:00;Rio de Janeiro;27.1
1986-01-01T01:00;Quito;14.1
1986-01-01T01:00;Caracas;19.0
1986-01-01T01:00;Montevideo;23.2
1986-01-01T01:00;La Paz;10.8
1986-01-01T01:00;London;2.4
1986-01-01T01:00;Paris;-4.0
1986-01-01T01:00;Berlin;-2.4
1986-01-01T01:00;Madrid;-5.3
1986-01-01T01:00;Rome;-5.1
1986-01-01T01:00;Amsterdam;-1.8
1986-01-01T01:00;Vienna;-7.8
1986-01-01T01:00;Stockholm;-5.4
1986-01-01T01:00;Oslo;-7.8
1986-01-01T01:00;Helsinki;-14.8
1986-01-01T01:00;Warsaw;-4.5
1986-01-01T01:00;Prague;-8.8
1986-01-01T01:00;Lisbon;7.1
1986-01-01T01:00;Athens;3.6
1986-01-01T01:00;Dublin;1.7
1986-01-01T01:00;Zurich;-2.6
1986-01-01T01:00;Brussels;-0.0
1986-01-01T01:00;Copenhagen;-3.4
1986-01-01T01:00;Bucharest;-4.8
1986-01-01T01:00;Budapest;-3.2
1986-01-01T01:00;Ljubljana;-6.7
1986-01-01T01:00;Zagreb;-6.3
1986-01-01T01:00;Belgrade;-6.7
1986-01-01T01:00;Reykjavik;-1.5
1986-01-01T01:00;Moscow;-14.8
1986-01-01T01:00;Kyiv;-1.0
1986-01-01T01:00;Istanbul;-0.1
1986-01-01T01:00;Cairo;4.8
1986-01-01T01:00;Lagos;24.7
1986-01-01T01:00;Nairobi;13.7
1986-01-01T01:00;Johannesburg;17.3
1986-01-01T01:00;Cape Town;20.5
1986-01-01T01:00;Casablanca;12.1
1986-01-01T01:00;Addis Ababa;8.5
1986-01-01T01:00;Dakar;16.9
1986-01-01T01:00;Tunis;3.5
1986-01-01T01:00;Accra;23.9
1986-01-01T01:00;Dar es Salaam;22.9
1986-01-01T01:00;Tokyo;6.5
1986-01-01T01:00;Beijing;-2.4
1986-01-01T01:00;Shanghai;2.4
1986-01-01T01:00;Mumbai;22.8
1986-01-01T01:00;Delhi;12.4
1986-01-01T01:00;Bangkok;29.6
1986-01-01T01:00;Singapore;28.0
1986-01-01T01:00;Seoul;-3.0
1986-01-01T01:00;Taipei;14.2
1986-01-01T01:00;Hong Kong;14.3
1986-01-01T01:00;Jakarta;29.8
1986-01-01T01:00;Manila;25.0
1986-01-01T01:00;Hanoi;15.9
1986-01-01T01:00;Karachi;18.8
1986-01-01T01:00;Dhaka;15.3
1986-01-01T01:00;Riyadh;7.4
1986-01-01T01:00;Dubai;9.4
1986-01-01T01:00;Tehran;-6.6
1986-01-01T01:00;Colombo;23.4
1986-01-01T01:00;Ulaanbaatar;-19.4
1986-01-01T01:00;Almaty;-4.6
1986-01-01T01:00;Sydney;25.8
1986-01-01T01:00;Melbourne;24.2
1986-01-01T01:00;Auckland;23.2
1986-01-01T01:00;Perth;27.5
1986-01-01T01:00;Brisbane;30.8
1986-01-01T01:00;Wellington;20.6
1986-01-01T01:00;Honolulu;23.9
1986-01-01T01:00;Novosibirsk;-15.4
1986-01-01T01:00;Yakutsk;-33.6
1986-01-01T01:00;Murmansk;-10.8
1986-01-01T01:00;Tashkent;-5.4
1986-01-01T01:00;Kathmandu;12.5
1986-01-01T02:00;New York;-2.5
1986-01-01T02:00;Los Angeles;15.5
1986-01-01T02:00;Chicago;-5.3
1986-01-01T02:00;Houston;13.7
1986-01-01T02:00;Phoenix;13.8
1986-01-01T02:00;Toronto;-12.9
1986-01-01T02:00;Mexico City;14.1
1986-01-01T02:00;Vancouver;4.1
1986-01-01T02:00;Montreal;-12.6
1986-01-01T02:00;Miami;18.7
1986-01-01T02:00;Denver;0.7
1986-01-01T02:00;San Francisco;14.8
1986-01-01T02:00;Atlanta;7.0
1986-01-01T02:00;Dallas;7.9
1986-01-01T02:00;Minneapolis;-12.8
1986-01-01T02:00;Havana;18.5
1986-01-01T02:00;Guatemala City;18.9
1986-01-01T02:00;Anchorage;-4.2
1986-01-01T02:00;São Paulo;21.0
1986-01-01T02:00;Buenos Aires;22.1
1986-01-01T02:00;Lima;22.9
1986-01-01T02:00;Bogotá;9.3
1986-01-01T02:00;Santiago;19.3
1986-01-01T02:00;Rio de Janeiro;27.0
1986-01-01T02:00;Quito;12.7
1986-01-01T02:00;Caracas;18.5
1986-01-01T02:00;Montevideo;21.3
1986-01-01T02:00;La Paz;9.6
1986-01-01T02:00;London;2.8
1986-01-01T02:00;Paris;-4.3
1986-01-01T02:00;Berlin;-2.2
1986-01-01T02:00;Madrid;-5.7
1986-01-01T02:00;Rome;-5.8
1986-01-01T02:00;Amsterdam;-1.8
1986-01-01T02:00;Vienna;-7.6
1986-01-01T02:00;Stockholm;-5.2
1986-01-01T02:00;Oslo;-8.0
1986-01-01T02:00;Helsinki;-14.3
1986-01-01T02:00;Warsaw;-5.1
1986-01-01T02:00;Prague;-8.6
1986-01-01T02:00;Lisbon;7.7
1986-01-01T02:00;Athens;3.9
1986-01-01T02:00;Dublin;2.0
1986-01-01T02:00;Zurich;-2.7
1986-01-01T02:00;Brussels;0.4
1986-01-01T02:00;Copenhagen;-3.1
1986-01-01T02:00;Bucharest;-4.6
1986-01-01T02:00;Budapest;-4.0
1986-01-01T02:00;Ljubljana;-6.2
1986-01-01T02:00;Zagreb;-6.3
1986-01-01T02:00;Belgrade;-6.6
1986-01-01T02:00;Reykjavik;-1.7
1986-01-01T02:00;Moscow;-14.3
1986-01-01T02:00;Kyiv;-0.8
1986-01-01T02:00;Istanbul;0.1
1986-01-01T02:00;Cairo;5.2
1986-01-01T02:00;Lagos;23.6
1986-01-01T02:00;Nairobi;14.6
1986-01-01T02:00;Johannesburg;17.5
1986-01-01T02:00;Cape Town;20.9
1986-01-01T02:00;Casablanca;12.1
1986-01-01T02:00;Addis Ababa;8.8
1986-01-01T02:00;Dakar;16.4
1986-01-01T02:00;Tunis;3.9
1986-01-01T02:00;Accra;23.5
1986-01-01T02:00;Dar es Salaam;22.9
1986-01-01T02:00;Tokyo;6.9
1986-01-01T02:00;Beijing;-1.0
1986-01-01T02:00;Shanghai;4.3
1986-01-01T02:00;Mumbai;24.0
1986-01-01T02:00;Delhi;14.2
1986-01-01T02:00;Bangkok;31.3
1986-01-01T02:00;Singapore;28.5
1986-01-01T02:00;Seoul;-2.2
1986-01-01T02:00;Taipei;15.3
1986-01-01T02:00;Hong Kong;15.5
1986-01-01T02:00;Jakarta;30.0
1986-01-01T02:00;Manila;25.7
1986-01-01T02:00;Hanoi;16.4
1986-01-01T02:00;Karachi;19.4
1986-01-01T02:00;Dhaka;16.1
1986-01-01T02:00;Riyadh;7.7
1986-01-01T02:00;Dubai;10.9
1986-01-01T02:00;Tehran;-5.7
1986-01-01T02:00;Colombo;23.8
1986-01-01T02:00;Ulaanbaatar;-17.7
1986-01-01T02:00;Almaty;-2.3
1986-01-01T02:00;Sydney;26.3
1986-01-01T02:00;Melbourne;25.0
1986-01-01T02:00;Auckland;23.7
1986-01-01T02:00;Perth;29.2
1986-01-01T02:00;Brisbane;32.0
1986-01-01T02:00;Wellington;20.1
1986-01-01T02:00;Honolulu;24.0
1986-01-01T02:00;Novosibirsk;-14.2
1986-01-01T02:00;Yakutsk;-32.1
1986-01-01T02:00;Murmansk;-10.1
1986-01-01T02:00;Tashkent;-3.4
1986-01-01T02:00;Kathmandu;13.7
1986-01-01T03:00;New York;-4.0
1986-01-01T03:00;Los Angeles;14.1
1986-01-01T03:00;Chicago;-6.9
1986-01-01T03:00;Houston;11.9
1986-01-01T03:00;Phoenix;12.0
1986-01-01T03:00;Toronto;-14.2
1986-01-01T03:00;Mexico City;12.4
1986-01-01T03:00;Vancouver;3.4
1986-01-01T03:00;Montreal;-13.9
1986-01-01T03:00;Miami;17.9
1986-01-01T03:00;Denver;-1.3
1986-01-01T03:00;San Francisco;14.0
1986-01-01T03:00;Atlanta;6.2
1986-01-01T03:00;Dallas;6.2
1986-01-01T03:00;Minneapolis;-13.7
1986-01-01T03:00;Havana;17.2
1986-01-01T03:00;Guatemala City;17.2
1986-01-01T03:00;Anchorage;-5.2
1986-01-01T03:00;São Paulo;20.9
1986-01-01T03:00;Buenos Aires;21.8
1986-01-01T03:00;Lima;21.9
1986-01-01T03:00;Bogotá;7.9
1986-01-01T03:00;Santiago;17.5
1986-01-01T03:00;Rio de Janeiro;25.8
1986-01-01T03:00;Quito;11.8
1986-01-01T03:00;Caracas;17.7
1986-01-01T03:00;Montevideo;21.3
1986-01-01T03:00;La Paz;8.2
1986-01-01T03:00;London;2.5
1986-01-01T03:00;Paris;-3.7
1986-01-01T03:00;Berlin;-2.5
1986-01-01T03:00;Madrid;-5.6
1986-01-01T03:00;Rome;-5.0
1986-01-01T03:00;Amsterdam;-2.2
1986-01-01T03:00;Vienna;-6.9
1986-01-01T03:00;Stockholm;-4.7
1986-01-01T03:00;Oslo;-7.2
1986-01-01T03:00;Helsinki;-13.6
1986-01-01T03:00;Warsaw;-4.5
1986-01-01T03:00;Prague;-8.4
1986-01-01T03:00;Lisbon;7.2
1986-01-01T03:00;Athens;5.3
1986-01-01T03:00;Dublin;1.4
1986-01-01T03:00;Zurich;-2.3
1986-01-01T03:00;Brussels;0.5
1986-01-01T03:00;Copenhagen;-3.8
1986-01-01T03:00;Bucharest;-4.6
1986-01-01T03:00;Budapest;-3.8
1986-01-01T03:00;Ljubljana;-6.1
1986-01-01T03:00;Zagreb;-6.5
1986-01-01T03:00;Belgrade;-6.3
1986-01-01T03:00;Reykjavik;-1.8
1986-01-01T03:00;Moscow;-13.1
1986-01-01T03:00;Kyiv;-0.9
1986-01-01T03:00;Istanbul;1.3
1986-01-01T03:00;Cairo;5.4
1986-01-01T03:00;Lagos;23.6
1986-01-01T03:00;Nairobi;15.4
1986-01-01T03:00;Johannesburg;18.2
1986-01-01T03:00;Cape Town;21.6
1986-01-01T03:00;Casablanca;12.5
1986-01-01T03:00;Addis Ababa;9.2
1986-01-01T03:00;Dakar;16.0
1986-01-01T03:00;Tunis;4.1
1986-01-01T03:00;Accra;24.0
1986-01-01T03:00;Dar es Salaam;23.9
1986-01-01T03:00;Tokyo;7.7
1986-01-01T03:00;Beijing;0.8
1986-01-01T03:00;Shanghai;4.6
1986-01-01T03:00;Mumbai;24.7
1986-01-01T03:00;Delhi;15.3
1986-01-01T03:00;Bangkok;32.0
1986-01-01T03:00;Singapore;29.0
1986-01-01T03:00;Seoul;-1.1
1986-01-01T03:00;Taipei;15.8
1986-01-01T03:00;Hong Kong;16.4
1986-01-01T03:00;Jakarta;31.0
1986-01-01T03:00;Manila;26.6
1986-01-01T03:00;Hanoi;16.5
1986-01-01T03:00;Karachi;20.8
1986-01-01T03:00;Dhaka;16.9
1986-01-01T03:00;Riyadh;8.9
1986-01-01T03:00;Dubai;11.8
1986-01-01T03:00;Tehran;-4.9
1986-01-01T03:00;Colombo;24.7
1986-01-01T03:00;Ulaanbaatar;-16.1
1986-01-01T03:00;Almaty;-1.4
1986-01-01T03:00;Sydney;27.5
1986-01-01T03:00;Melbourne;25.9
1986-01-01T03:00;Auckland;22.9
1986-01-01T03:00;Perth;29.8
1986-01-01T03:00;Brisbane;32.4
1986-01-01T03:00;Wellington;19.9
1986-01-01T03:00;Honolulu;23.2
1986-01-01T03:00;Novosibirsk;-12.6
1986-01-01T03:00;Yakutsk;-30.7
1986-01-01T03:00;Murmansk;-9.9
1986-01-01T03:00;Tashkent;-2.1
1986-01-01T03:00;Kathmandu;14.7
1986-01-01T04:00;New York;-4.2
1986-01-01T04:00;Los Angeles;12.6
1986-01-01T04:00;Chicago;-7.8
1986-01-01T04:00;Houston;10.8
1986-01-01T04:00;Phoenix;10.4
1986-01-01T04:00;Toronto;-15.3
1986-01-01T04:00;Mexico City;11.6
1986-01-01T04:00;Vancouver;2.1
1986-01-01T04:00;Montreal;-14.7
1986-01-01T04:00;Miami;17.7
1986-01-01T04:00;Denver;-3.2
1986-01-01T04:00;San Francisco;13.3
1986-01-01T04:00;Atlanta;5.5
1986-01-01T04:00;Dallas;5.3
1986-01-01T04:00;Minneapolis;-15.1
1986-01-01T04:00;Havana;17.0
1986-01-01T04:00;Guatemala City;16.2
1986-01-01T04:00;Anchorage;-5.9
1986-01-01T04:00;São Paulo;20.0
1986-01-01T04:00;Buenos Aires;21.2
1986-01-01T04:00;Lima;20.7
1986-01-01T04:00;Bogotá;6.5
1986-01-01T04:00;Santiago;16.4
1986-01-01T04:00;Rio de Janeiro;25.8
1986-01-01T04:00;Quito;11.1
1986-01-01T04:00;Caracas;17.1
1986-01-01T04:00;Montevideo;20.6
1986-01-01T04:00;La Paz;6.4
1986-01-01T04:00;London;2.5
1986-01-01T04:00;Paris;-3.5
1986-01-01T04:00;Berlin;-2.3
1986-01-01T04:00;Madrid;-4.6
1986-01-01T04:00;Rome;-4.4
1986-01-01T04:00;Amsterdam;-1.1
1986-01-01T04:00;Vienna;-6.5
1986-01-01T04:00;Stockholm;-4.1
1986-01-01T04:00;Oslo;-6.8
1986-01-01T04:00;Helsinki;-13.8
1986-01-01T04:00;Warsaw;-3.9
1986-01-01T04:00;Prague;-8.0
1986-01-01T04:00;Lisbon;6.9
1986-01-01T04:00;Athens;5.8
1986-01-01T04:00;Dublin;2.4
1986-01-01T04:00;Zurich;-1.9
1986-01-01T04:00;Brussels;1.2
1986-01-01T04:00;Copenhagen;-2.3
1986-01-01T04:00;Bucharest;-3.8
1986-01-01T04:00;Budapest;-2.7
1986-01-01T04:00;Ljubljana;-5.8
1986-01-01T04:00;Zagreb;-5.9
1986-01-01T04:00;Belgrade;-5.2
1986-01-01T04:00;Reykjavik;-1.0
1986-01-01T04:00;Moscow;-12.4
1986-01-01T04:00;Kyiv;0.2
1986-01-01T04:00;Istanbul;1.7
1986-01-01T04:00;Cairo;6.6
1986-01-01T04:00;Lagos;23.8
1986-01-01T04:00;Nairobi;17.0
1986-01-01T04:00;Johannesburg;19.5
1986-01-01T04:00;Cape Town;22.2
1986-01-01T04:00;Casablanca;12.6
1986-01-01T04:00;Addis Ababa;11.4
1986-01-01T04:00;Dakar;17.0
1986-01-01T04:00;Tunis;5.0
1986-01-01T04:00;Accra;23.7
1986-01-01T04:00;Dar es Salaam;24.2
1986-01-01T04:00;Tokyo;8.4
1986-01-01T04:00;Beijing;1.2
1986-01-01T04:00;Shanghai;5.4
1986-01-01T04:00;Mumbai;25.8
1986-01-01T04:00;Delhi;16.4
1986-01-01T04:00;Bangkok;33.0
1986-01-01T04:00;Singapore;30.0
1986-01-01T04:00;Seoul;-0.7
1986-01-01T04:00;Taipei;16.3
1986-01-01T04:00;Hong Kong;16.6
1986-01-01T04:00;Jakarta;31.6
1986-01-01T04:00;Manila;27.0
1986-01-01T04:00;Hanoi;17.0
1986-01-01T04:00;Karachi;21.5
1986-01-01T04:00;Dhaka;18.8
1986-01-01T04:00;Riyadh;10.3
1986-01-01T04:00;Dubai;12.7
1986-01-01T04:00;Tehran;-3.5
1986-01-01T04:00;Colombo;25.6
1986-01-01T04:00;Ulaanbaatar;-15.0
1986-01-01T04:00;Almaty;0.8
1986-01-01T04:00;Sydney;27.4
1986-01-01T04:00;Melbourne;25.6
1986-01-01T04:00;Auckland;23.5
1986-01-01T04:00;Perth;31.0
1986-01-01T04:00;Brisbane;32.0
1986-01-01T04:00;Wellington;20.1
1986-01-01T04:00;Honolulu;22.8
1986-01-01T04:00;Novosibirsk;-11.5
1986-01-01T04:00;Yakutsk;-30.0
1986-01-01T04:00;Murmansk;-9.3
1986-01-01T04:00;Tashkent;-0.4
1986-01-01T04:00;Kathmandu;16.7
1986-01-01T05:00;New York;-5.7
1986-01-01T05:00;Los Angeles;12.1
1986-01-01T05:00;Chicago;-9.0
1986-01-01T05:00;Houston;9.7
1986-01-01T05:00;Phoenix;9.3
1986-01-01T05:00;Toronto;-16.1
1986-01-01T05:00;Mexico City;10.8
1986-01-01T05:00;Vancouver;1.7
1986-01-01T05:00;Montreal;-16.4
1986-01-01T05:00;Miami;16.6
1986-01-01T05:00;Denver;-5.1
1986-01-01T05:00;San Francisco;11.8
1986-01-01T05:00;Atlanta;3.8
1986-01-01T05:00;Dallas;3.9
1986-01-01T05:00;Minneapolis;-16.1
1986-01-01T05:00;Havana;16.5
1986-01-01T05:00;Guatemala City;14.6
1986-01-01T05:00;Anchorage;-7.1
1986-01-01T05:00;São Paulo;19.7
1986-01-01T05:00;Buenos Aires;20.7
1986-01-01T05:00;Lima;20.5
1986-01-01T05:00;Bogotá;5.5
1986-01-01T05:00;Santiago;15.5
1986-01-01T05:00;Rio de Janeiro;25.0
1986-01-01T05:00;Quito;10.1
1986-01-01T05:00;Caracas;16.1
1986-01-01T05:00;Montevideo;20.4
1986-01-01T05:00;La Paz;6.0
1986-01-01T05:00;London;3.5
1986-01-01T05:00;Paris;-2.3
1986-01-01T05:00;Berlin;-1.6
1986-01-01T05:00;Madrid;-3.9
1986-01-01T05:00;Rome;-3.5
1986-01-01T05:00;Amsterdam;-0.4
1986-01-01T05:00;Vienna;-6.3
1986-01-01T05:00;Stockholm;-3.7
1986-01-01T05:00;Oslo;-6.0
1986-01-01T05:00;Helsinki;-12.9
1986-01-01T05:00;Warsaw;-3.1
1986-01-01T05:00;Prague;-6.9
1986-01-01T05:00;Lisbon;8.0
1986-01-01T05:00;Athens;6.8
1986-01-01T05:00;Dublin;2.5
1986-01-01T05:00;Zurich;-1.0
1986-01-01T05:00;Brussels;1.8
1986-01-01T05:00;Copenhagen;-2.0
1986-01-01T05:00;Bucharest;-1.6
1986-01-01T05:00;Budapest;-2.0
1986-01-01T05:00;Ljubljana;-5.1
1986-01-01T05:00;Zagreb;-5.0
1986-01-01T05:00;Belgrade;-4.5
1986-01-01T05:00;Reykjavik;-1.3
1986-01-01T05:00;Moscow;-11.0
1986-01-01T05:00;Kyiv;1.0
1986-01-01T05:00;Istanbul;2.5
1986-01-01T05:00;Cairo;8.1
1986-01-01T05:00;Lagos;24.8
1986-01-01T05:00;Nairobi;18.0
1986-01-01T05:00;Johannesburg;20.8
1986-01-01T05:00;Cape Town;22.7
1986-01-01T05:00;Casablanca;13.8
1986-01-01T05:00;Addis Ababa;11.9
1986-01-01T05:00;Dakar;17.2
1986-01-01T05:00;Tunis;6.0
1986-01-01T05:00;Accra;24.5
1986-01-01T05:00;Dar es Salaam;25.4
1986-01-01T05:00;Tokyo;8.3
1986-01-01T05:00;Beijing;2.1
1986-01-01T05:00;Shanghai;6.0
1986-01-01T05:00;Mumbai;26.1
1986-01-01T05:00;Delhi;18.4
1986-01-01T05:00;Bangkok;32.6
1986-01-01T05:00;Singapore;29.9
1986-01-01T05:00;Seoul;-0.3
1986-01-01T05:00;Taipei;16.8
1986-01-01T05:00;Hong Kong;17.0
1986-01-01T05:00;Jakarta;31.9
1986-01-01T05:00;Manila;27.7
1986-01-01T05:00;Hanoi;18.6
1986-01-01T05:00;Karachi;22.5
1986-01-01T05:00;Dhaka;18.8
1986-01-01T05:00;Riyadh;12.1
1986-01-01T05:00;Dubai;14.0
1986-01-01T05:00;Tehran;-2.2
1986-01-01T05:00;Colombo;26.1
1986-01-01T05:00;Ulaanbaatar;-13.9
1986-01-01T05:00;Almaty;1.4
1986-01-01T05:00;Sydney;27.2
1986-01-01T05:00;Melbourne;25.8
1986-01-01T05:00;Auckland;23.0
1986-01-01T05:00;Perth;32.2
1986-01-01T05:00;Brisbane;32.4
1986-01-01T05:00;Wellington;19.5
1986-01-01T05:00;Honolulu;22.1
1986-01-01T05:00;Novosibirsk;-10.6
1986-01-01T05:00;Yakutsk;-29.3
1986-01-01T05:00;Murmansk;-8.5
1986-01-01T05:00;Tashkent;0.6
1986-01-01T05:00;Kathmandu;17.2
1986-01-01T06:00;New York;-6.5
1986-01-01T06:00;Los Angeles;10.6
1986-01-01T06:00;Chicago;-10.1
1986-01-01T06:00;Houston;8.6
1986-01-01T06:00;Phoenix;6.4
1986-01-01T06:00;Toronto;-17.0
1986-01-01T06:00;Mexico City;9.5
1986-01-01T06:00;Vancouver;0.2
1986-01-01T06:00;Montreal;-17.0
1986-01-01T06:00;Miami;16.2
1986-01-01T06:00;Denver;-6.5
1986-01-01T06:00;San Francisco;11.5
1986-01-01T06:00;Atlanta;3.9
1986-01-01T06:00;Dallas;2.9
1986-01-01T06:00;Minneapolis;-17.6
1986-01-01T06:00;Havana;15.9
1986-01-01T06:00;Guatemala City;13.8
1986-01-01T06:00;Anchorage;-8.0
1986-01-01T06:00;São Paulo;19.6
1986-01-01T06:00;Buenos Aires;21.2
1986-01-01T06:00;Lima;20.3
1986-01-01T06:00;Bogotá;4.8
1986-01-01T06:00;Santiago;15.1
1986-01-01T06:00;Rio de Janeiro;25.5
1986-01-01T06:00;Quito;9.6
1986-01-01T06:00;Caracas;16.0
1986-01-01T06:00;Montevideo;20.6
1986-01-01T06:00;La Paz;6.1
1986-01-01T06:00;London;4.5
1986-01-01T06:00;Paris;-1.3
1986-01-01T06:00;Berlin;-0.5
1986-01-01T06:00;Madrid;-1.5
1986-01-01T06:00;Rome;-2.9
1986-01-01T06:00;Amsterdam;0.1
1986-01-01T06:00;Vienna;-5.0
1986-01-01T06:00;Stockholm;-2.4
1986-01-01T06:00;Oslo;-5.4
1986-01-01T06:00;Helsinki;-12.4
1986-01-01T06:00;Warsaw;-2.0
1986-01-01T06:00;Prague;-5.9
1986-01-01T06:00;Lisbon;8.5
1986-01-01T06:00;Athens;7.4
1986-01-01T06:00;Dublin;2.8
1986-01-01T06:00;Zurich;-0.1
1986-01-01T06:00;Brussels;2.9
1986-01-01T06:00;Copenhagen;-1.3
1986-01-01T06:00;Bucharest;-0.5
1986-01-01T06:00;Budapest;-1.2
1986-01-01T06:00;Ljubljana;-4.5
1986-01-01T06:00;Zagreb;-4.1
1986-01-01T06:00;Belgrade;-3.3
1986-01-01T06:00;Reykjavik;-0.8
1986-01-01T06:00;Moscow;-9.4
1986-01-01T06:00;Kyiv;2.5
1986-01-01T06:00;Istanbul;3.5
1986-01-01T06:00;Cairo;9.1
1986-01-01T06:00;Lagos;25.4
1986-01-01T06:00;Nairobi;18.9
1986-01-01T06:00;Johannesburg;22.6
1986-01-01T06:00;Cape Town;23.5
1986-01-01T06:00;Casablanca;14.7
1986-01-01T06:00;Addis Ababa;14.0
1986-01-01T06:00;Dakar;17.3
1986-01-01T06:00;Tunis;6.6
1986-01-01T06:00;Accra;24.8
1986-01-01T06:00;Dar es Salaam;26.3
1986-01-01T06:00;Tokyo;8.8
1986-01-01T06:00;Beijing;2.5
1986-01-01T06:00;Shanghai;5.7
1986-01-01T06:00;Mumbai;26.8
1986-01-01T06:00;Delhi;19.5
1986-01-01T06:00;Bangkok;32.9
1986-01-01T06:00;Singapore;29.8
1986-01-01T06:00;Seoul;-0.5
1986-01-01T06:00;Taipei;17.6
1986-01-01T06:00;Hong Kong;17.8
1986-01-01T06:00;Jakarta;33.4
1986-01-01T06:00;Manila;27.5
1986-01-01T06:00;Hanoi;18.6
1986-01-01T06:00;Karachi;23.7
1986-01-01T06:00;Dhaka;20.1
1986-01-01T06:00;Riyadh;14.0
1986-01-01T06:00;Dubai;15.3
1986-01-01T06:00;Tehran;0.8
1986-01-01T06:00;Colombo;26.5
1986-01-01T06:00;Ulaanbaatar;-13.8
1986-01-01T06:00;Almaty;2.5
1986-01-01T06:00;Sydney;27.2
1986-01-01T06:00;Melbourne;25.1
1986-01-01T06:00;Auckland;22.2
1986-01-01T06:00;Perth;31.9
1986-01-01T06:00;Brisbane;32.1
1986-01-01T06:00;Wellington;19.8
1986-01-01T06:00;Honolulu;21.7
1986-01-01T06:00;Novosibirsk;-10.0
1986-01-01T06:00;Yakutsk;-30.0
1986-01-01T06:00;Murmansk;-7.7
1986-01-01T06:00;Tashkent;2.6
1986-01-01T06:00;Kathmandu;18.4
1986-01-01T07:00;New York;-5.7
1986-01-01T07:00;Los Angeles;9.0
1986-01-01T07:00;Chicago;-10.4
1986-01-01T07:00;Houston;8.9
1986-01-01T07:00;Phoenix;5.1
1986-01-01T07:00;Toronto;-16.7
1986-01-01T07:00;Mexico City;8.1
1986-01-01T07:00;Vancouver;-0.2
1986-01-01T07:00;Montreal;-16.9
1986-01-01T07:00;Miami;16.1
1986-01-01T07:00;Denver;-8.5
1986-01-01T07:00;San Francisco;10.1
1986-01-01T07:00;Atlanta;3.1
1986-01-01T07:00;Dallas;2.2
1986-01-01T07:00;Minneapolis;-18.2
1986-01-01T07:00;Havana;15.7
1986-01-01T07:00;Guatemala City;12.6
1986-01-01T07:00;Anchorage;-8.9
1986-01-01T07:00;São Paulo;20.1
1986-01-01T07:00;Buenos Aires;21.2
1986-01-01T07:00;Lima;20.4
1986-01-01T07:00;Bogotá;5.0
1986-01-01T07:00;Santiago;14.9
1986-01-01T07:00;Rio de Janeiro;25.4
1986-01-01T07:00;Quito;9.3
1986-01-01T07:00;Caracas;16.0
1986-01-01T07:00;Montevideo;20.6
1986-01-01T07:00;La Paz;5.0
1986-01-01T07:00;London;5.0
1986-01-01T07:00;Paris;-0.8
1986-01-01T07:00;Berlin;0.6
1986-01-01T07:00;Madrid;-1.7
1986-01-01T07:00;Rome;-1.0
1986-01-01T07:00;Amsterdam;1.0
1986-01-01T07:00;Vienna;-3.4
1986-01-01T07:00;Stockholm;-1.9
1986-01-01T07:00;Oslo;-5.1
1986-01-01T07:00;Helsinki;-11.3
1986-01-01T07:00;Warsaw;-0.8
1986-01-01T07:00;Prague;-5.2
1986-01-01T07:00;Lisbon;9.1
1986-01-01T07:00;Athens;8.9
1986-01-01T07:00;Dublin;3.7
1986-01-01T07:00;Zurich;0.8
1986-01-01T07:00;Brussels;3.8
1986-01-01T07:00;Copenhagen;-0.4
1986-01-01T07:00;Bucharest;-0.2
1986-01-01T07:00;Budapest;0.4
1986-01-01T07:00;Ljubljana;-3.1
1986-01-01T07:00;Zagreb;-2.3
1986-01-01T07:00;Belgrade;-2.8
1986-01-01T07:00;Reykjavik;-0.6
1986-01-01T07:00;Moscow;-8.7
1986-01-01T07:00;Kyiv;3.1
1986-01-01T07:00;Istanbul;4.7
1986-01-01T07:00;Cairo;11.0
1986-01-01T07:00;Lagos;26.0
1986-01-01T07:00;Nairobi;20.1
1986-01-01T07:00;Johannesburg;23.4
1986-01-01T07:00;Cape Town;24.8
1986-01-01T07:00;Casablanca;15.8
1986-01-01T07:00;Addis Ababa;15.2
1986-01-01T07:00;Dakar;18.9
1986-01-01T07:00;Tunis;7.6
1986-01-01T07:00;Accra;25.6
1986-01-01T07:00;Dar es Salaam;26.7
1986-01-01T07:00;Tokyo;8.6
1986-01-01T07:00;Beijing;2.8
1986-01-01T07:00;Shanghai;6.4
1986-01-01T07:00;Mumbai;27.0
1986-01-01T07:00;Delhi;20.6
1986-01-01T07:00;Bangkok;33.2
1986-01-01T07:00;Singapore;30.5
1986-01-01T07:00;Seoul;-0.2
1986-01-01T07:00;Taipei;17.3
1986-01-01T07:00;Hong Kong;17.5
1986-01-01T07:00;Jakarta;33.3
1986-01-01T07:00;Manila;28.0
1986-01-01T07:00;Hanoi;18.4
1986-01-01T07:00;Karachi;24.0
1986-01-01T07:00;Dhaka;20.3
1986-01-01T07:00;Riyadh;15.9
1986-01-01T07:00;Dubai;16.7
1986-01-01T07:00;Tehran;1.4
1986-01-01T07:00;Colombo;27.1
1986-01-01T07:00;Ulaanbaatar;-13.0
1986-01-01T07:00;Almaty;3.4
1986-01-01T07:00;Sydney;26.8
1986-01-01T07:00;Melbourne;24.9
1986-01-01T07:00;Auckland;21.8
1986-01-01T07:00;Perth;32.7
1986-01-01T07:00;Brisbane;31.6
1986-01-01T07:00;Wellington;18.9
1986-01-01T07:00;Honolulu;20.5
1986-01-01T07:00;Novosibirsk;-9.4
1986-01-01T07:00;Yakutsk;-29.9
1986-01-01T07:00;Murmansk;-7.1
1986-01-01T07:00;Tashkent;3.8
1986-01-01T07:00;Kathmandu;19.3
1986-01-01T08:00;New York;-6.4
1986-01-01T08:00;Los Angeles;8.6
1986-01-01T08:00;Chicago;-10.0
1986-01-01T08:00;Houston;8.2
1986-01-01T08:00;Phoenix;5.1
1986-01-01T08:00;Toronto;-17.2
1986-01-01T08:00;Mexico City;8.3
1986-01-01T08:00;Vancouver;-1.2
1986-01-01T08:00;Montreal;-17.0
1986-01-01T08:00;Miami;16.1
1986-01-01T08:00;Denver;-8.4
1986-01-01T08:00;San Francisco;10.5
1986-01-01T08:00;Atlanta;3.2
1986-01-01T08:00;Dallas;1.8
1986-01-01T08:00;Minneapolis;-17.9
1986-01-01T08:00;Havana;15.5
1986-01-01T08:00;Guatemala City;12.1
1986-01-01T08:00;Anchorage;-9.2
1986-01-01T08:00;São Paulo;21.0
1986-01-01T08:00;Buenos Aires;21.0
1986-01-01T08:00;Lima;20.3
1986-01-01T08:00;Bogotá;4.4
1986-01-01T08:00;Santiago;16.0
1986-01-01T08:00;Rio de Janeiro;25.7
1986-01-01T08:00;Quito;9.1
1986-01-01T08:00;Caracas;16.1
1986-01-01T08:00;Montevideo;20.8
1986-01-01T08:00;La Paz;5.7
1986-01-01T08:00;London;5.3
1986-01-01T08:00;Paris;0.2
1986-01-01T08:00;Berlin;1.5
1986-01-01T08:00;Madrid;-0.2
1986-01-01T08:00;Rome;-0.7
1986-01-01T08:00;Amsterdam;1.8
1986-01-01T08:00;Vienna;-2.8
1986-01-01T08:00;Stockholm;-1.3
1986-01-01T08:00;Oslo;-3.5
1986-01-01T08:00;Helsinki;-10.2
1986-01-01T08:00;Warsaw;-0.1
1986-01-01T08:00;Prague;-4.0
1986-01-01T08:00;Lisbon;10.9
1986-01-01T08:00;Athens;10.1
1986-01-01T08:00;Dublin;4.6
1986-01-01T08:00;Zurich;1.5
1986-01-01T08:00;Brussels;4.7
1986-01-01T08:00;Copenhagen;-0.0
1986-01-01T08:00;Bucharest;1.8
1986-01-01T08:00;Budapest;1.5
1986-01-01T08:00;Ljubljana;-1.9
1986-01-01T08:00;Zagreb;-1.4
1986-01-01T08:00;Belgrade;-1.6
1986-01-01T08:00;Reykjavik;0.6
1986-01-01T08:00;Moscow;-8.6
1986-01-01T08:00;Kyiv;4.6
1986-01-01T08:00;Istanbul;5.9
1986-01-01T08:00;Cairo;12.4
1986-01-01T08:00;Lagos;26.7
1986-01-01T08:00;Nairobi;22.4
1986-01-01T08:00;Johannesburg;24.6
1986-01-01T08:00;Cape Town;25.7
1986-01-01T08:00;Casablanca;15.6
1986-01-01T08:00;Addis Ababa;16.7
1986-01-01T08:00;Dakar;18.7
1986-01-01T08:00;Tunis;8.9
1986-01-01T08:00;Accra;26.8
1986-01-01T08:00;Dar es Salaam;28.1
1986-01-01T08:00;Tokyo;7.8
1986-01-01T08:00;Beijing;1.7
1986-01-01T08:00;Shanghai;6.0
1986-01-01T08:00;Mumbai;27.4
1986-01-01T08:00;Delhi;21.2
1986-01-01T08:00;Bangkok;34.1
1986-01-01T08:00;Singapore;29.2
1986-01-01T08:00;Seoul;-0.8
1986-01-01T08:00;Taipei;17.3
1986-01-01T08:00;Hong Kong;17.7
1986-01-01T08:00;Jakarta;33.1
1986-01-01T08:00;Manila;26.9
1986-01-01T08:00;Hanoi;18.7
1986-01-01T08:00;Karachi;24.7
1986-01-01T08:00;Dhaka;20.6
1986-01-01T08:00;Riyadh;17.6
1986-01-01T08:00;Dubai;16.8
1986-01-01T08:00;Tehran;3.1
1986-01-01T08:00;Colombo;27.6
1986-01-01T08:00;Ulaanbaatar;-13.6
1986-01-01T08:00;Almaty;4.1
1986-01-01T08:00;Sydney;25.7
1986-01-01T08:00;Melbourne;24.4
1986-01-01T08:00;Auckland;21.2
1986-01-01T08:00;Perth;32.2
1986-01-01T08:00;Brisbane;30.9
1986-01-01T08:00;Wellington;18.1
1986-01-01T08:00;Honolulu;19.9
1986-01-01T08:00;Novosibirsk;-10.1
1986-01-01T08:00;Yakutsk;-30.6
1986-01-01T08:00;Murmansk;-6.3
1986-01-01T08:00;Tashkent;4.2
1986-01-01T08:00;Kathmandu;20.0
1986-01-01T09:00;New York;-6.0
1986-01-01T09:00;Los Angeles;8.1
1986-01-01T09:00;Chicago;-10.9
1986-01-01T09:00;Houston;8.1
1986-01-01T09:00;Phoenix;4.4
1986-01-01T09:00;Toronto;-16.7
1986-01-01T09:00;Mexico City;8.1
1986-01-01T09:00;Vancouver;-1.1
1986-01-01T09:00;Montreal;-15.9
1986-01-01T09:00;Miami;16.0
1986-01-01T09:00;Denver;-8.5
1986-01-01T09:00;San Francisco;9.9
1986-01-01T09:00;Atlanta;2.8
1986-01-01T09:00;Dallas;1.6
1986-01-01T09:00;Minneapolis;-18.4
1986-01-01T09:00;Havana;16.2
1986-01-01T09:00;Guatemala City;12.6
1986-01-01T09:00;Anchorage;-10.2
1986-01-01T09:00;São Paulo;21.8
1986-01-01T09:00;Buenos Aires;22.2
1986-01-01T09:00;Lima;20.2
1986-01-01T09:00;Bogotá;4.5
1986-01-01T09:00;Santiago;16.2
1986-01-01T09:00;Rio de Janeiro;26.4
1986-01-01T09:00;Quito;9.6
1986-01-01T09:00;Caracas;16.6
1986-01-01T09:00;Montevideo;22.2
1986-01-01T09:00;La Paz;6.9
1986-01-01T09:00;London;7.1
1986-01-01T09:00;Paris;1.7
1986-01-01T09:00;Berlin;3.1
1986-01-01T09:00;Madrid;1.8
1986-01-01T09:00;Rome;1.1
1986-01-01T09:00;Amsterdam;2.7
1986-01-01T09:00;Vienna;-1.2
1986-01-01T09:00;Stockholm;0.5
1986-01-01T09:00;Oslo;-2.1
1986-01-01T09:00;Helsinki;-9.3
1986-01-01T09:00;Warsaw;1.2
1986-01-01T09:00;Prague;-2.7
1986-01-01T09:00;Lisbon;11.4
1986-01-01T09:00;Athens;11.2
1986-01-01T09:00;Dublin;5.2
1986-01-01T09:00;Zurich;3.4
1986-01-01T09:00;Brussels;6.3
1986-01-01T09:00;Copenhagen;1.6
1986-01-01T09:00;Bucharest;3.0
1986-01-01T09:00;Budapest;2.8
1986-01-01T09:00;Ljubljana;-0.5
1986-01-01T09:00;Zagreb;-0.3
1986-01-01T09:00;Belgrade;-0.1
1986-01-01T09:00;Reykjavik;0.7
1986-01-01T09:00;Moscow;-7.3
1986-01-01T09:00;Kyiv;5.4
1986-01-01T09:00;Istanbul;6.6
1986-01-01T09:00;Cairo;13.1
1986-01-01T09:00;Lagos;27.7
1986-01-01T09:00;Nairobi;23.0
1986-01-01T09:00;Johannesburg;26.0
1986-01-01T09:00;Cape Town;26.8
1986-01-01T09:00;Casablanca;17.5
1986-01-01T09:00;Addis Ababa;16.6
1986-01-01T09:00;Dakar;19.2
1986-01-01T09:00;Tunis;10.4
1986-01-01T09:00;Accra;27.2
1986-01-01T09:00;Dar es Salaam;28.3
1986-01-01T09:00;Tokyo;6.8
1986-01-01T09:00;Beijing;1.5
1986-01-01T09:00;Shanghai;5.3
1986-01-01T09:00;Mumbai;27.5
1986-01-01T09:00;Delhi;22.1
1986-01-01T09:00;Bangkok;33.5
1986-01-01T09:00;Singapore;29.9
1986-01-01T09:00;Seoul;-1.6
1986-01-01T09:00;Taipei;17.0
1986-01-01T09:00;Hong Kong;16.8
1986-01-01T09:00;Jakarta;32.6
1986-01-01T09:00;Manila;26.8
1986-01-01T09:00;Hanoi;18.3
1986-01-01T09:00;Karachi;25.9
1986-01-01T09:00;Dhaka;20.2
1986-01-01T09:00;Riyadh;18.5
1986-01-01T09:00;Dubai;17.9
1986-01-01T09:00;Tehran;4.2
1986-01-01T09:00;Colombo;27.4
1986-01-01T09:00;Ulaanbaatar;-15.5
1986-01-01T09:00;Almaty;3.3
1986-01-01T09:00;Sydney;24.5
1986-01-01T09:00;Melbourne;23.1
1986-01-01T09:00;Auckland;19.7
1986-01-01T09:00;Perth;31.0
1986-01-01T09:00;Brisbane;29.8
1986-01-01T09:00;Wellington;17.0
1986-01-01T09:00;Honolulu;19.8
1986-01-01T09:00;Novosibirsk;-10.1
1986-01-01T09:00;Yakutsk;-32.0
1986-01-01T09:00;Murmansk;-6.1
1986-01-01T09:00;Tashkent;4.8
1986-01-01T09:00;Kathmandu;20.4
1986-01-01T10:00;New York;-5.2
1986-01-01T10:00;Los Angeles;7.8
1986-01-01T10:00;Chicago;-10.4
1986-01-01T10:00;Houston;8.5
1986-01-01T10:00;Phoenix;4.2
1986-01-01T10:00;Toronto;-15.7
1986-01-01T10:00;Mexico City;8.9
1986-01-01T10:00;Vancouver;-1.4
1986-01-01T10:00;Montreal;-16.2
1986-01-01T10:00;Miami;16.3
1986-01-01T10:00;Denver;-9.1
1986-01-01T10:00;San Francisco;9.3
1986-01-01T10:00;Atlanta;4.4
1986-01-01T10:00;Dallas;2.0
1986-01-01T10:00;Minneapolis;-17.5
1986-01-01T10:00;Havana;16.4
1986-01-01T10:00;Guatemala City;12.3
1986-01-01T10:00;Anchorage;-10.9
1986-01-01T10:00;São Paulo;21.7
1986-01-01T10:00;Buenos Aires;23.2
1986-01-01T10:00;Lima;20.6
1986-01-01T10:00;Bogotá;5.4
1986-01-01T10:00;Santiago;17.3
1986-01-01T10:00;Rio de Janeiro;27.1
1986-01-01T10:00;Quito;10.0
1986-01-01T10:00;Caracas;17.9
1986-01-01T10:00;Montevideo;23.2
1986-01-01T10:00;La Paz;7.4
1986-01-01T10:00;London;7.9
1986-01-01T10:00;Paris;1.9
1986-01-01T10:00;Berlin;3.8
1986-01-01T10:00;Madrid;3.3
1986-01-01T10:00;Rome;1.3
1986-01-01T10:00;Amsterdam;3.8
1986-01-01T10:00;Vienna;-1.0
1986-01-01T10:00;Stockholm;0.8
1986-01-01T10:00;Oslo;-1.9
1986-01-01T10:00;Helsinki;-8.2
1986-01-01T10:00;Warsaw;1.9
1986-01-01T10:00;Prague;-1.9
1986-01-01T10:00;Lisbon;12.5
1986-01-01T10:00;Athens;11.8
1986-01-01T10:00;Dublin;5.8
1986-01-01T10:00;Zurich;4.4
1986-01-01T10:00;Brussels;6.7
1986-01-01T10:00;Copenhagen;2.6
1986-01-01T10:00;Bucharest;3.7
1986-01-01T10:00;Budapest;3.4
1986-01-01T10:00;Ljubljana;0.6
1986-01-01T10:00;Zagreb;0.6
1986-01-01T10:00;Belgrade;1.0
1986-01-01T10:00;Reykjavik;1.6
1986-01-01T10:00;Moscow;-7.0
1986-01-01T10:00;Kyiv;6.3
1986-01-01T10:00;Istanbul;7.2
1986-01-01T10:00;Cairo;14.1
1986-01-01T10:00;Lagos;28.4
1986-01-01T10:00;Nairobi;23.5
1986-01-01T10:00;Johannesburg;26.6
1986-01-01T10:00;Cape Town;27.6
1986-01-01T10:00;Casablanca;18.2
1986-01-01T10:00;Addis Ababa;18.2
1986-01-01T10:00;Dakar;20.7
1986-01-01T10:00;Tunis;11.5
1986-01-01T10:00;Accra;27.7
1986-01-01T10:00;Dar es Salaam;28.6
1986-01-01T10:00;Tokyo;5.9
1986-01-01T10:00;Beijing;0.3
1986-01-01T10:00;Shanghai;4.9
1986-01-01T10:00;Mumbai;27.8
1986-01-01T10:00;Delhi;21.8
1986-01-01T10:00;Bangkok;32.8
1986-01-01T10:00;Singapore;29.2
1986-01-01T10:00;Seoul;-2.9
1986-01-01T10:00;Taipei;15.8
1986-01-01T10:00;Hong Kong;16.1
1986-01-01T10:00;Jakarta;32.4
1986-01-01T10:00;Manila;26.1
1986-01-01T10:00;Hanoi;18.6
1986-01-01T10:00;Karachi;25.3
1986-01-01T10:00;Dhaka;20.3
1986-01-01T10:00;Riyadh;19.5
1986-01-01T10:00;Dubai;18.5
1986-01-01T10:00;Tehran;5.1
1986-01-01T10:00;Colombo;27.8
1986-01-01T10:00;Ulaanbaatar;-15.7
1986-01-01T10:00;Almaty;3.2
1986-01-01T10:00;Sydney;24.0
1986-01-01T10:00;Melbourne;22.3
1986-01-01T10:00;Auckland;18.9
1986-01-01T10:00;Perth;29.9
1986-01-01T10:00;Brisbane;28.8
1986-01-01T10:00;Wellington;16.0
1986-01-01T10:00;Honolulu;19.5
1986-01-01T10:00;Novosibirsk;-10.4
1986-01-01T10:00;Yakutsk;-33.3
1986-01-01T10:00;Murmansk;-5.2
1986-01-01T10:00;Tashkent;5.1
1986-01-01T10:00;Kathmandu;20.2
1986-01-01T11:00;New York;-4.9
1986-01-01T11:00;Los Angeles;7.6
1986-01-01T11:00;Chicago;-9.8
1986-01-01T11:00;Houston;8.7
1986-01-01T11:00;Phoenix;4.9
1986-01-01T11:00;Toronto;-15.3
1986-01-01T11:00;Mexico City;9.1
1986-01-01T11:00;Vancouver;-1.1
1986-01-01T11:00;Montreal;-15.4
1986-01-01T11:00;Miami;16.9
1986-01-01T11:00;Denver;-8.3
1986-01-01T11:00;San Francisco;9.3
1986-01-01T11:00;Atlanta;5.3
1986-01-01T11:00;Dallas;2.7
1986-01-01T11:00;Minneapolis;-17.6
1986-01-01T11:00;Havana;16.8
1986-01-01T11:00;Guatemala City;13.4
1986-01-01T11:00;Anchorage;-10.9
1986-01-01T11:00;São Paulo;23.3
1986-01-01T11:00;Buenos Aires;24.7
1986-01-01T11:00;Lima;21.5
1986-01-01T11:00;Bogotá;6.8
1986-01-01T11:00;Santiago;19.0
1986-01-01T11:00;Rio de Janeiro;28.3
1986-01-01T11:00;Quito;11.3
1986-01-01T11:00;Caracas;18.1
1986-01-01T11:00;Montevideo;23.7
1986-01-01T11:00;La Paz;8.6
1986-01-01T11:00;London;8.4
1986-01-01T11:00;Paris;3.0
1986-01-01T11:00;Berlin;4.9
1986-01-01T11:00;Madrid;4.1
1986-01-01T11:00;Rome;2.4
1986-01-01T11:00;Amsterdam;4.0
1986-01-01T11:00;Vienna;0.1
1986-01-01T11:00;Stockholm;1.3
1986-01-01T11:00;Oslo;-1.1
1986-01-01T11:00;Helsinki;-8.6
1986-01-01T11:00;Warsaw;2.9
1986-01-01T11:00;Prague;-1.6
1986-01-01T11:00;Lisbon;12.5
1986-01-01T11:00;Athens;12.7
1986-01-01T11:00;Dublin;6.3
1986-01-01T11:00;Zurich;5.1
1986-01-01T11:00;Brussels;6.9
1986-01-01T11:00;Copenhagen;2.5
1986-01-01T11:00;Bucharest;4.5
1986-01-01T11:00;Budapest;4.2
1986-01-01T11:00;Ljubljana;1.6
1986-01-01T11:00;Zagreb;1.6
1986-01-01T11:00;Belgrade;1.8
1986-01-01T11:00;Reykjavik;2.4
1986-01-01T11:00;Moscow;-6.1
1986-01-01T11:00;Kyiv;7.3
1986-01-01T11:00;Istanbul;7.2
1986-01-01T11:00;Cairo;15.5
1986-01-01T11:00;Lagos;29.1
1986-01-01T11:00;Nairobi;24.0
1986-01-01T11:00;Johannesburg;28.2
1986-01-01T11:00;Cape Town;28.3
1986-01-01T11:00;Casablanca;19.1
1986-01-01T11:00;Addis Ababa;18.0
1986-01-01T11:00;Dakar;20.7
1986-01-01T11:00;Tunis;12.4
1986-01-01T11:00;Accra;28.1
1986-01-01T11:00;Dar es Salaam;28.8
1986-01-01T11:00;Tokyo;5.6
1986-01-01T11:00;Beijing;-0.9
1986-01-01T11:00;Shanghai;4.2
1986-01-01T11:00;Mumbai;27.2
1986-01-01T11:00;Delhi;21.4
1986-01-01T11:00;Bangkok;32.7
1986-01-01T11:00;Singapore;28.6
1986-01-01T11:00;Seoul;-3.8
1986-01-01T11:00;Taipei;15.9
1986-01-01T11:00;Hong Kong;15.9
1986-01-01T11:00;Jakarta;31.6
1986-01-01T11:00;Manila;26.1
1986-01-01T11:00;Hanoi;17.6
1986-01-01T11:00;Karachi;24.7
1986-01-01T11:00;Dhaka;19.8
1986-01-01T11:00;Riyadh;20.3
1986-01-01T11:00;Dubai;18.0
1986-01-01T11:00;Tehran;5.7
1986-01-01T11:00;Colombo;27.5
1986-01-01T11:00;Ulaanbaatar;-17.4
1986-01-01T11:00;Almaty;2.4
1986-01-01T11:00;Sydney;23.1
1986-01-01T11:00;Melbourne;20.8
1986-01-01T11:00;Auckland;18.7
1986-01-01T11:00;Perth;29.1
1986-01-01T11:00;Brisbane;27.0
1986-01-01T11:00;Wellington;16.0
1986-01-01T11:00;Honolulu;18.7
1986-01-01T11:00;Novosibirsk;-11.6
1986-01-01T11:00;Yakutsk;-35.1
1986-01-01T11:00;Murmansk;-5.1
1986-01-01T11:00;Tashkent;3.8
1986-01-01T11:00;Kathmandu;20.7
1986-01-01T12:00;New York;-3.9
1986-01-01T12:00;Los Angeles;7.8
1986-01-01T12:00;Chicago;-8.5
1986-01-01T12:00;Houston;10.1
1986-01-01T12:00;Phoenix;6.0
1986-01-01T12:00;Toronto;-13.8
1986-01-01T12:00;Mexico City;10.3
1986-01-01T12:00;Vancouver;-1.6
1986-01-01T12:00;Montreal;-13.7
1986-01-01T12:00;Miami;18.3
1986-01-01T12:00;Denver;-7.7
1986-01-01T12:00;San Francisco;9.2
1986-01-01T12:00;Atlanta;6.7
1986-01-01T12:00;Dallas;4.1
1986-01-01T12:00;Minneapolis;-16.7
1986-01-01T12:00;Havana;17.9
1986-01-01T12:00;Guatemala City;14.2
1986-01-01T12:00;Anchorage;-11.2
1986-01-01T12:00;São Paulo;24.2
1986-01-01T12:00;Buenos Aires;25.4
1986-01-01T12:00;Lima;21.7
1986-01-01T12:00;Bogotá;7.4
1986-01-01T12:00;Santiago;20.5
1986-01-01T12:00;Rio de Janeiro;29.0
1986-01-01T12:00;Quito;12.3
1986-01-01T12:00;Caracas;19.5
1986-01-01T12:00;Montevideo;24.7
1986-01-01T12:00;La Paz;10.7
1986-01-01T12:00;London;9.1
1986-01-01T12:00;Paris;4.2
1986-01-01T12:00;Berlin;5.6
1986-01-01T12:00;Madrid;5.0
1986-01-01T12:00;Rome;3.7
1986-01-01T12:00;Amsterdam;5.1
1986-01-01T12:00;Vienna;0.2
1986-01-01T12:00;Stockholm;2.3
1986-01-01T12:00;Oslo;-0.6
1986-01-01T12:00;Helsinki;-8.0
1986-01-01T12:00;Warsaw;3.3
1986-01-01T12:00;Prague;-0.7
1986-01-01T12:00;Lisbon;14.0
1986-01-01T12:00;Athens;13.0
1986-01-01T12:00;Dublin;6.8
1986-01-01T12:00;Zurich;5.9
1986-01-01T12:00;Brussels;7.7
1986-01-01T12:00;Copenhagen;3.1
1986-01-01T12:00;Bucharest;5.0
1986-01-01T12:00;Budapest;4.9
1986-01-01T12:00;Ljubljana;1.7
1986-01-01T12:00;Zagreb;1.8
1986-01-01T12:00;Belgrade;2.6
1986-01-01T12:00;Reykjavik;2.5
1986-01-01T12:00;Moscow;-6.8
1986-01-01T12:00;Kyiv;7.2
1986-01-01T12:00;Istanbul;7.2
1986-01-01T12:00;Cairo;15.7
1986-01-01T12:00;Lagos;28.6
1986-01-01T12:00;Nairobi;23.9
1986-01-01T12:00;Johannesburg;27.8
1986-01-01T12:00;Cape Town;29.1
1986-01-01T12:00;Casablanca;19.1
1986-01-01T12:00;Addis Ababa;18.1
1986-01-01T12:00;Dakar;21.6
1986-01-01T12:00;Tunis;12.8
1986-01-01T12:00;Accra;29.4
1986-01-01T12:00;Dar es Salaam;29.5
1986-01-01T12:00;Tokyo;4.2
1986-01-01T12:00;Beijing;-2.0
1986-01-01T12:00;Shanghai;3.0
1986-01-01T12:00;Mumbai;27.3
1986-01-01T12:00;Delhi;21.2
1986-01-01T12:00;Bangkok;31.8
1986-01-01T12:00;Singapore;27.6
1986-01-01T12:00;Seoul;-4.6
1986-01-01T12:00;Taipei;14.9
1986-01-01T12:00;Hong Kong;15.0
1986-01-01T12:00;Jakarta;31.0
1986-01-01T12:00;Manila;24.9
1986-01-01T12:00;Hanoi;16.9
1986-01-01T12:00;Karachi;24.3
1986-01-01T12:00;Dhaka;19.0
1986-01-01T12:00;Riyadh;19.3
1986-01-01T12:00;Dubai;18.3
1986-01-01T12:00;Tehran;5.6
1986-01-01T12:00;Colombo;27.4
1986-01-01T12:00;Ulaanbaatar;-19.3
1986-01-01T12:00;Almaty;1.5
1986-01-01T12:00;Sydney;22.2
1986-01-01T12:00;Melbourne;20.0
1986-01-01T12:00;Auckland;17.8
1986-01-01T12:00;Perth;28.6
1986-01-01T12:00;Brisbane;26.2
1986-01-01T12:00;Wellington;15.4
1986-01-01T12:00;Honolulu;18.9
1986-01-01T12:00;Novosibirsk;-12.9
1986-01-01T12:00;Yakutsk;-36.8
1986-01-01T12:00;Murmansk;-5.5
1986-01-01T12:00;Tashkent;3.6
1986-01-01T12:00;Kathmandu;19.7
1986-01-01T13:00;New York;-2.3
1986-01-01T13:00;Los Angeles;8.2
1986-01-01T13:00;Chicago;-7.6
1986-01-01T13:00;Houston;11.3
1986-01-01T13:00;Phoenix;7.0
1986-01-01T13:00;Toronto;-13.1
1986-01-01T13:00;Mexico City;11.8
1986-01-01T13:00;Vancouver;-0.7
1986-01-01T13:00;Montreal;-12.5
1986-01-01T13:00;Miami;18.6
1986-01-01T13:00;Denver;-6.4
1986-01-01T13:00;San Francisco;9.7
1986-01-01T13:00;Atlanta;7.8
1986-01-01T13:00;Dallas;5.2
1986-01-01T13:00;Minneapolis;-15.2
1986-01-01T13:00;Havana;18.6
1986-01-01T13:00;Guatemala City;15.4
1986-01-01T13:00;Anchorage;-10.5
1986-01-01T13:00;São Paulo;25.4
1986-01-01T13:00;Buenos Aires;26.7
1986-01-01T13:00;Lima;23.0
1986-01-01T13:00;Bogotá;8.6
1986-01-01T13:00;Santiago;22.2
1986-01-01T13:00;Rio de Janeiro;29.7
1986-01-01T13:00;Quito;13.3
1986-01-01T13:00;Caracas;20.2
1986-01-01T13:00;Montevideo;25.5
1986-01-01T13:00;La Paz;12.4
1986-01-01T13:00;London;9.4
1986-01-01T13:00;Paris;4.3
1986-01-01T13:00;Berlin;5.6
1986-01-01T13:00;Madrid;4.9
1986-01-01T13:00;Rome;3.8
1986-01-01T13:00;Amsterdam;5.0
1986-01-01T13:00;Vienna;0.7
1986-01-01T13:00;Stockholm;2.2
1986-01-01T13:00;Oslo;0.0
1986-01-01T13:00;Helsinki;-8.0
1986-01-01T13:00;Warsaw;3.5
1986-01-01T13:00;Prague;-0.0
1986-01-01T13:00;Lisbon;13.8
1986-01-01T13:00;Athens;12.1
1986-01-01T13:00;Dublin;7.6
1986-01-01T13:00;Zurich;6.2
1986-01-01T13:00;Brussels;8.1
1986-01-01T13:00;Copenhagen;3.4
1986-01-01T13:00;Bucharest;4.9
1986-01-01T13:00;Budapest;4.8
1986-01-01T13:00;Ljubljana;2.2
1986-01-01T13:00;Zagreb;1.9
1986-01-01T13:00;Belgrade;2.8
1986-01-01T13:00;Reykjavik;2.9
1986-01-01T13:00;Moscow;-7.3
1986-01-01T13:00;Kyiv;7.3
1986-01-01T13:00;Istanbul;7.3
1986-01-01T13:00;Cairo;16.0
1986-01-01T13:00;Lagos;28.7
1986-01-01T13:00;Nairobi;23.5
1986-01-01T13:00;Johannesburg;27.7
1986-01-01T13:00;Cape Town;27.9
1986-01-01T13:00;Casablanca;20.1
1986-01-01T13:00;Addis Ababa;18.2
1986-01-01T13:00;Dakar;21.7
1986-01-01T13:00;Tunis;13.4
1986-01-01T13:00;Accra;29.7
1986-01-01T13:00;Dar es Salaam;28.8
1986-01-01T13:00;Tokyo;4.0
1986-01-01T13:00;Beijing;-3.2
1986-01-01T13:00;Shanghai;1.3
1986-01-01T13:00;Mumbai;26.7
1986-01-01T13:00;Delhi;19.5
1986-01-01T13:00;Bangkok;30.5
1986-01-01T13:00;Singapore;27.2
1986-01-01T13:00;Seoul;-6.4
1986-01-01T13:00;Taipei;13.4
1986-01-01T13:00;Hong Kong;14.6
1986-01-01T13:00;Jakarta;30.6
1986-01-01T13:00;Manila;23.9
1986-01-01T13:00;Hanoi;16.5
1986-01-01T13:00;Karachi;23.7
1986-01-01T13:00;Dhaka;18.6
1986-01-01T13:00;Riyadh;19.2
1986-01-01T13:00;Dubai;17.6
1986-01-01T13:00;Tehran;4.9
1986-01-01T13:00;Colombo;26.9
1986-01-01T13:00;Ulaanbaatar;-21.0
1986-01-01T13:00;Almaty;-0.4
1986-01-01T13:00;Sydney;20.9
1986-01-01T13:00;Melbourne;18.4
1986-01-01T13:00;Auckland;17.2
1986-01-01T13:00;Perth;26.3
1986-01-01T13:00;Brisbane;25.1
1986-01-01T13:00;Wellington;14.5
1986-01-01T13:00;Honolulu;18.1
1986-01-01T13:00;Novosibirsk;-14.2
1986-01-01T13:00;Yakutsk;-38.1
1986-01-01T13:00;Murmansk;-4.9
1986-01-01T13:00;Tashkent;2.5
1986-01-01T13:00;Kathmandu;18.5
1986-01-01T14:00;New York;-1.0
1986-01-01T14:00;Los Angeles;9.0
1986-01-01T14:00;Chicago;-6.5
1986-01-01T14:00;Houston;12.1
1986-01-01T14:00;Phoenix;8.7
1986-01-01T14:00;Toronto;-11.8
1986-01-01T14:00;Mexico City;12.8
1986-01-01T14:00;Vancouver;0.0
1986-01-01T14:00;Montreal;-11.5
1986-01-01T14:00;Miami;20.5
1986-01-01T14:00;Denver;-5.0
1986-01-01T14:00;San Francisco;11.0
1986-01-01T14:00;Atlanta;9.1
1986-01-01T14:00;Dallas;6.0
1986-01-01T14:00;Minneapolis;-13.5
1986-01-01T14:00;Havana;19.0
1986-01-01T14:00;Guatemala City;16.6
1986-01-01T14:00;Anchorage;-10.0
1986-01-01T14:00;São Paulo;26.8
1986-01-01T14:00;Buenos Aires;27.7
1986-01-01T14:00;Lima;23.3
1986-01-01T14:00;Bogotá;10.6
1986-01-01T14:00;Santiago;23.6
1986-01-01T14:00;Rio de Janeiro;30.2
1986-01-01T14:00;Quito;14.8
1986-01-01T14:00;Caracas;20.6
1986-01-01T14:00;Montevideo;26.6
1986-01-01T14:00;La Paz;13.4
1986-01-01T14:00;London;9.0
1986-01-01T14:00;Paris;3.6
1986-01-01T14:00;Berlin;6.0
1986-01-01T14:00;Madrid;4.7
1986-01-01T14:00;Rome;3.5
1986-01-01T14:00;Amsterdam;4.7
1986-01-01T14:00;Vienna;1.3
1986-01-01T14:00;Stockholm;2.2
1986-01-01T14:00;Oslo;-0.2
1986-01-01T14:00;Helsinki;-8.3
1986-01-01T14:00;Warsaw;3.4
1986-01-01T14:00;Prague;-0.5
1986-01-01T14:00;Lisbon;14.9
1986-01-01T14:00;Athens;12.5
1986-01-01T14:00;Dublin;8.1
1986-01-01T14:00;Zurich;5.2
1986-01-01T14:00;Brussels;8.4
1986-01-01T14:00;Copenhagen;3.5
1986-01-01T14:00;Bucharest;5.2
1986-01-01T14:00;Budapest;5.1
1986-01-01T14:00;Ljubljana;2.2
1986-01-01T14:00;Zagreb;2.5
1986-01-01T14:00;Belgrade;2.6
1986-01-01T14:00;Reykjavik;3.3
1986-01-01T14:00;Moscow;-7.5
1986-01-01T14:00;Kyiv;7.5
1986-01-01T14:00;Istanbul;6.7
1986-01-01T14:00;Cairo;15.3
1986-01-01T14:00;Lagos;28.9
1986-01-01T14:00;Nairobi;22.7
1986-01-01T14:00;Johannesburg;27.7
1986-01-01T14:00;Cape Town;27.4
1986-01-01T14:00;Casablanca;19.5
1986-01-01T14:00;Addis Ababa;17.5
1986-01-01T14:00;Dakar;21.8
1986-01-01T14:00;Tunis;13.8
1986-01-01T14:00;Accra;29.5
1986-01-01T14:00;Dar es Salaam;28.4
1986-01-01T14:00;Tokyo;2.2
1986-01-01T14:00;Beijing;-4.6
1986-01-01T14:00;Shanghai;1.5
1986-01-01T14:00;Mumbai;26.5
1986-01-01T14:00;Delhi;18.7
1986-01-01T14:00;Bangkok;30.0
1986-01-01T14:00;Singapore;26.6
1986-01-01T14:00;Seoul;-7.6
1986-01-01T14:00;Taipei;13.3
1986-01-01T14:00;Hong Kong;13.1
1986-01-01T14:00;Jakarta;29.5
1986-01-01T14:00;Manila;23.5
1986-01-01T14:00;Hanoi;15.7
1986-01-01T14:00;Karachi;23.0
1986-01-01T14:00;Dhaka;17.3
1986-01-01T14:00;Riyadh;18.1
1986-01-01T14:00;Dubai;16.4
1986-01-01T14:00;Tehran;4.4
1986-01-01T14:00;Colombo;25.9
1986-01-01T14:00;Ulaanbaatar;-22.2
1986-01-01T14:00;Almaty;-1.2
1986-01-01T14:00;Sydney;19.8
1986-01-01T14:00;Melbourne;18.3
1986-01-01T14:00;Auckland;16.7
1986-01-01T14:00;Perth;25.5
1986-01-01T14:00;Brisbane;24.5
1986-01-01T14:00;Wellington;14.4
1986-01-01T14:00;Honolulu;18.9
1986-01-01T14:00;Novosibirsk;-14.5
1986-01-01T14:00;Yakutsk;-39.9
1986-01-01T14:00;Murmansk;-5.4
1986-01-01T14:00;Tashkent;1.1
1986-01-01T14:00;Kathmandu;17.5
1986-01-01T15:00;New York;-0.2
1986-01-01T15:00;Los Angeles;10.6
1986-01-01T15:00;Chicago;-5.8
1986-01-01T15:00;Houston;13.8
1986-01-01T15:00;Phoenix;10.0
1986-01-01T15:00;Toronto;-10.2
1986-01-01T15:00;Mexico City;14.9
1986-01-01T15:00;Vancouver;0.2
1986-01-01T15:00;Montreal;-10.3
1986-01-01T15:00;Miami;21.1
1986-01-01T15:00;Denver;-3.4
1986-01-01T15:00;San Francisco;11.3
1986-01-01T15:00;Atlanta;10.1
1986-01-01T15:00;Dallas;8.1
